<wiidisc version="1" shiftfiles="true" root="/PracticeSMBW">
	<id game="SMN">
		<region type="P"/>
		<region type="E"/>
		<region type="J"/>
	</id>
	<options>
		<section name="PracticeSMBW">
			<option name="PracticeSMBW" id="PSMBW">
				<choice name="Enabled">
					<patch id="PSMBW"/>
				</choice>
			</option>
		</section>
	</options>
	<patch id="Any%">
		<!-- Inject Loader -->
		<!--PAL--><memory offset="0x80328478" value="80001810" original="8015BC60" />
		<!--NTSC--><memory offset="0x80328130" value="80001810" original="8015BB20" />
		<!--JPN--><memory offset="0x80327E98" value="80001810" original="8015B930" />

		<folder external="Patches" disc="/Patches/" create="true" />
		<folder disc="/" external="Files" create="false" recursive="true" />

		<memory offset="0x80001810" valuefile="Loader.bin" />
	</patch>
</wiidisc>
